# https://britgo.org/tournams/sharedsys/club-table-UK
UK	????	-
UK	Abdn	Abingdon
UK	Abgl	Abergele
UK	Abrd	Aberdeen
UK	Abyt	Aberystwyth
UK	Accr	Accrington
UK	Aldt	Aldershot
UK	Altn	Alton
UK	AlxP	Alexandra Park
UK	Amer	Amersham School
UK	Arun	Arundel
UK	Ashy	Ashby
UK	Astn	Aston
UK	Ayby	Aylesbury
UK	Bang	Bangor
UK	Bath	Bath
UK	Bdfd	Bedford
UK	Becm	Beckenham
UK	Belf	Belfast
UK	Beve	Beverley
UK	Bily	Billericay
UK	BloS	Bloxham School
UK	Bmhm	Birmingham
UK	Bmth	Barmouth
UK	Bodm	Bodmin
UK	Bolt	Bolton
UK	Bord	Borders
UK	Bour	Bournemouth
UK	Brck	Bracknell
UK	Brfd	Bradford
UK	Bris	Bristol
UK	BrmS	Bromsgrove School
UK	Brom	Bromley
UK	Brtn	Brighton
UK	Bung	Bungay
UK	CHuS	Cheadle Hulme Sch
UK	CLon	Central London
UK	CamC	Cambridge CGo
UK	CamU	Cambridge Uni
UK	Camb	Cambridge
UK	Camc	Cambridge CGo
UK	Cant	Canterbury
UK	Card	Cardiff
UK	Cedr	Cedarwood
UK	Chel	Cheltenham
UK	Ches	Chester
UK	Chor	Chorley
UK	Cmbl	Camberwell
UK	ColB	Colwyn Bay
UK	Cole	Coleraine
UK	Conw	Conwy
UK	Cumb	Cumbria
UK	Dcot	Didcot
UK	Derb	Derby
UK	Devn	Devon
UK	Dfln	Dunfermline
UK	Dund	Dundee
UK	Durm	Durham
UK	EHam	EastHampstead
UK	Easb	Eastbourne
UK	Edin	Edinburgh
UK	Efld	Enfield
UK	Elgn	Elgin
UK	Epsm	Epsom
UK	Essx	Essex
UK	EsxU	Essex Uni
UK	Extr	Exeter
UK	FHPr	Fern Hill Primary
UK	Farn	Farnborough
UK	Fife	Fife
UK	FinP	Finham Park
UK	Flee	Fleet
UK	Folk	Folkestone
UK	Gill	Gillingham
UK	Gla	Glasgow
UK	Glas	Glasgow
UK	Glro	Glenrothes
UK	Greg	Gregson
UK	Grim	Grimsby
UK	Guil	Guildford
UK	HBri	HP-Bristol
UK	HHem	Hemel Hempstead
UK	HHth	Haywards Heath
UK	HKng	Hong Kong
UK	HWyc	High Wycombe
UK	Hams	Hampstead
UK	Hanw	Hansworth
UK	HarA	Harpenden Academy
UK	Harp	Harpenden
UK	Hast	Hastings
UK	Hudd	Huddersfield
UK	Hull	Hull
UK	IClg	Imperial College
UK	IMan	Isle Of Man
UK	Ilfd	Ilford
UK	Impn	Impington
UK	Ipsw	Ipswich
UK	JaGH	James G High
UK	JaGP	James G Primary
UK	Jurb	Jurby
UK	KCJr	Kings College Jnr
UK	KGS	KGS
UK	Keel	Keele
UK	Kinl	Kinglassie
UK	Kirk	Kirkcaldy
UK	LAE	LAE Academy
UK	LGC	London Go Centre
UK	LGCr	London Go Centre
UK	LRGS	Lancaster Royal Sc
UK	LSE	LSE
UK	Lanc	Lancaster
UK	Lang	Langley
UK	Lcln	Lincoln
UK	Leam	Leamington
UK	Lees	Leeds
UK	LeiP	Leighton Park
UK	Leic	Leicester
UK	Leyt	Leytonstone
UK	Llan	Llanthony
UK	Lndn	London
UK	Lobo	Loughborough
UK	LonC	London City
UK	Lpol	Liverpool
UK	Ltch	Letchworth
UK	Lyth	Lytham St Annes
UK	MCor	Mid Cornwall
UK	MGrS	Manchester Gram
UK	MKes	Milton Keynes
UK	Mach	Machynlleth
UK	Maid	Maidenhead
UK	ManU	Manchester Uni
UK	Manc	Manchester
UK	Mhed	Minehead
UK	Midb	Middlesborough
UK	MilS	Milton School
UK	Monm	Monmouth
UK	NLon	North London
UK	NMal	New Malden
UK	NWLo	North West London
UK	NWPr	Northwood Primary
UK	Newc	Newcastle
UK	NhmU	Nottingham Uni
UK	Nhtn	Northampton
UK	Nine	Ninestiles
UK	NipC	Nippon Club
UK	Nmkt	Newmarket
UK	NoCb	-
UK	Nott	Nottingham
UK	NwPr	Northwood Primary
UK	Nwch	Norwich
UK	Orpn	Orpington
UK	OxfC	Oxford City
UK	OxfU	Oxford University
UK	Oxfd	Oxford
UK	Pand	Pandanet
UK	Penz	Penzance
UK	PerS	Perse School
UK	Pert	Perth
UK	Plym	Plymouth
UK	Port	Portsmouth
UK	Pozn	Poznam
UK	Pres	Preston
UK	Purb	Purbrook
UK	Putn	Putney
UK	QMUL	Queen Mary Uni
UK	RadS	Radley School
UK	ReaS	Reading School
UK	Read	Reading
UK	RedS	Rednock School
UK	Runc	Runcorn
UK	SCam	South Cambridge
UK	SCot	South Cotswold
UK	SLon	South London
UK	SSpr	Silver Springs
UK	SWfd	South Woodford
UK	SWoS	South Wolds School
UK	Salf	Salford
UK	Sand	Sandbach
UK	Scar	Scarborough
UK	Sfrd	Stafford
UK	ShCS	Sheffield Chin Sch
UK	Sham	Southampton
UK	ShfU	Sheffield Uni
UK	Shfd	Sheffield
UK	Shrb	Sherborne
UK	Shre	Shrewsbury
UK	Shro	Shropshire
UK	Skye	Skye
UK	Slfd	Sleaford
UK	Slnd	Sandilands
UK	Solh	Solihull
UK	StAg	St Agnes
UK	StAl	St Albans
UK	StAn	St Andrews
UK	StVS	St Olaves School
UK	Stai	Staines
UK	Stev	Stevenage
UK	Stok	Stockport
UK	Stow	Stowe
UK	Sury	Surrey
UK	Swan	Swansea
UK	Swin	Swindon
UK	TWel	Tunbridge Wells
UK	Taun	Taunton
UK	Tec	Technion
UK	Tech	Technion
UK	Tees	Teesside
UK	ToSc	Tonbridge School
UK	Tosc	Tonbridge School
UK	Twik	Twickenham
UK	U3A	Uni Third Age
UK	UCL	UCL
UK	WCor	West Cornwall
UK	WFSc	William Farr Sch
UK	WLon	West London
UK	WSur	West Surrey
UK	WSus	West Sussex
UK	WWal	West Wales
UK	Wals	Walsall
UK	Wans	Wanstead
UK	WarU	Warwick University
UK	Watf	Watford
UK	Winc	Winchester
UK	Wltn	Wellington
UK	Wood	Woodley
UK	Worc	Worcester
UK	Yeov	Yeovil
UK	York	York
UK	xxxx	-

# https://ffg.jeudego.org/php/listeClubs.php
FR	00St	Club de Go en ligne Stones In The Shell
FR	06Ni	Nice
FR	06Pe	Côte d'Azur -Club de go (CGCA 06)
FR	06So	Sophia-Antipolis
FR	08Ch	Charleville-Mézières – Le Go en Ardennes
FR	10Tr	Troyes - Go Zen
FR	13Ai	AixGo (Aix-en-Provence)
FR	13Ma	Marseille 1 - Sardin Ki'in
FR	14TS	Club de Go de Mondeville - Thé Suji
FR	16An	Club de Go Angoulême
FR	17LR	Cercle de Go Rochelais
FR	17Ro	Kantai — club de go de Charente-Maritime
FR	18Bo	Kime no Go - Club de Plaimpied-Givaudins
FR	18Vi	Salamandre iGo - Club de Vierzon
FR	19Tu	Club de Go de Tulle
FR	21Di	Dijon
FR	25Be	Besançon
FR	26Cr	Crest : Kasen'GO
FR	27Ve	Go Club Vernon
FR	28Cr	Club de Go de Chartres
FR	29Br	Brest - Tenuki
FR	31Ba	Balma, Club Go Seigen
FR	31Co	Colomiers - Club Go Seigen
FR	31To	Toulouse - Club Go Seigen
FR	33Bo	Bordeaux - Club Kitani
FR	34Mo	Montpellier Komoku
FR	35RJ	Rennes - Ecole de Go Jeunes
FR	35Re	Rennes - Club Rengo
FR	37To	Club de Go de Touraine
FR	38GJ	Grenoble - Ecole de Go
FR	38Gr	Grenoble
FR	38Vo	Voiron - Collège La Garenne
FR	42Se	Saint-Etienne - Le Go Gaga
FR	44MN	Miai Nantes
FR	44NE	Nantes
FR	44Na	Yosakura club de go de Nantes
FR	45Or	Club de Go Orléanais
FR	48Is	Ispagnac
FR	49An	Angers
FR	51Re	Reims - Reims No Dan
FR	54Na	Club de Go de Nancy
FR	56Lo	Lorient
FR	57Ma	MLM Go
FR	57Me	Metz
FR	58Ne	Nevers-Go en Nivernais
FR	59Li	LilleGo
FR	59Va	Valenciennes
FR	62Ar	Arras - L'Atelier du Go Arrageois
FR	63Ce	Clermont-Ferrand (GRAUG)
FR	63Cl	CLUB DE GO DE CLERMONT-FERRAND
FR	64Ba	Bayonne - Le Cénacle du Go
FR	64Pa	Pau
FR	66Pe	Perpignan
FR	67SE	Strasbourg - Collège Saint-Étienne
FR	68Mu	Mulhouse
FR	69Ly	Go Club Lyon Shinogi
FR	72Ma	Le Mans Go
FR	73Ch	Chambéry
FR	74An	Annecy
FR	75Al	Paris - Club de Go d'Aligre
FR	75CF	Paris - Go Rail (Paris SNCF)
FR	75Ju	Paris - Jussieu
FR	75LF	Paris - Lycée La Fontaine (AAFJ)
FR	75OB	Paris - Observatoire
FR	75Op	Paris - Ouest (COP)
FR	76Ha	Le Havre
FR	76Ro	Rouen
FR	77BS	L'Atari Club
FR	77ML	Club de Go de Moret Seine et Loing
FR	78Ve	Versailles
FR	79Ni	Niort
FR	81co	DoraGOn sur Ciel
FR	84Av	Avignon
FR	84Va	Valréas
FR	85CA	Section Go de Challans Accueille
FR	86Po	Poitiers
FR	90Be	Belfort
FR	91Or	Orsay
FR	91SM	Juvisy (Club de Go Kamo no Itte)
FR	92An	Antony
FR	92BB	Puteaux - La Belette Bleue
FR	92Co	Colombes
FR	92Ge	ARGO
FR	92Le	Levallois-Perret
FR	92QD	Gennevilliers
FR	93Mo	Montreuil et Est Parisien - CGEP
FR	94Ca	Cachan
FR	94No	Noiseau - Let's go club
FR	95Va	Club de Go de Vauréal
FR	97Re	Club de go de La Réunion
FR	97TP	La Tour de Pierres

